BEGIN;

-- 25 物種
INSERT INTO monster_species (id, name_zh, name_en, base_phase, emotion_tag, scene_tag, lore_excerpt) VALUES
  ('92191294-bfd1-5c21-a2aa-115a51e0b39a', '帝江幼形', 'species_001', 'tectonic', '累', '通勤', '《山海經·西山經》帝江（混沌無面目）'),
  ('a59508e1-de46-592c-a036-bc2011335a77', '窮奇怠形', 'species_002', 'biomorphic', '累', '工作', '《山海經·西山經》窮奇（逆理之獸）'),
  ('7bc40ebf-9e7e-5c59-a788-300111da3794', '沉榻夜魚', 'species_003', 'phantasmal', '累', '家中獨處', NULL),
  ('f08aa3e6-53cf-5acb-80d7-5957927b3b6d', '夫諸倦影', 'species_004', 'phantasmal', '累', '戶外自然', '《山海經·中山經》夫諸（四角白鹿，現則水災）'),
  ('15062a04-6ec1-5a39-9780-1f627ee81799', '眠淵暝蟲', 'species_005', 'phantasmal', '累', '睡前', NULL),
  ('123a19c6-c847-54a8-9b97-923f4b1ff1e8', '哭泣橋魚', 'species_006', 'phantasmal', '想哭', '通勤', NULL),
  ('e51761c3-2cfa-5849-a63b-0b4ba316e010', '夜哭夔', 'species_007', 'phantasmal', '想哭', '工作', NULL),
  ('951e4eff-2f87-5e65-ac66-c9e965cfcf38', '鏡中淚獸', 'species_008', 'phantasmal', '想哭', '家中獨處', NULL),
  ('09bc5ed6-0383-581d-93da-515c7ce99f35', '狡悲形', 'species_009', 'phantasmal', '想哭', '戶外自然', '《山海經·南山經》狡（如狐九尾，涕出如人）'),
  ('2b51cff6-6256-51f8-98d2-7b611e7070ce', '枕泣月蛾', 'species_010', 'phantasmal', '想哭', '睡前', NULL),
  ('ea4c6155-3a93-5789-846a-7bbaff5b1aba', '獓犴怒形', 'species_011', 'biomorphic', '火大', '通勤', '《山海經·海內北經》獓犴（犬形食人）'),
  ('e77e78ed-1893-5c37-8ef3-35c2b92109bc', '畢方怒鳥', 'species_012', 'biomorphic', '火大', '工作', '《山海經·西山經》畢方（火鳥，現則火災）'),
  ('9cda4dc7-b129-53c6-b628-93559ed60914', '砸物室魘', 'species_013', 'tectonic', '火大', '家中獨處', NULL),
  ('fb74990f-fe90-5df1-a808-b43b22296109', '應龍怒裂', 'species_014', 'biomorphic', '火大', '戶外自然', '《山海經·大荒東經》應龍（有翼之龍，制水殺蚩尤）'),
  ('a9320ed1-eb10-5145-a805-7d166073fd77', '翻身火蛇', 'species_015', 'phantasmal', '火大', '睡前', NULL),
  ('795b98ad-213e-5429-b40f-4d7292599c86', '悟道路獸', 'species_016', 'tectonic', '好像懂了', '通勤', NULL),
  ('2cde259c-1b95-5175-9e5e-07f6126a49a8', '明燈解牛獸', 'species_017', 'tectonic', '好像懂了', '工作', NULL),
  ('79f4ef61-77d7-502f-9cdf-d44969095147', '靜室通玄蟲', 'species_018', 'phantasmal', '好像懂了', '家中獨處', NULL),
  ('897bf8da-9328-534d-ba53-c6e732cdb84b', '觀水知源獸', 'species_019', 'phantasmal', '好像懂了', '戶外自然', NULL),
  ('c3bf22ad-84b0-5a5b-975d-5023b231c3ae', '夢邊覺夔', 'species_020', 'phantasmal', '好像懂了', '睡前', NULL),
  ('d67c9f86-3e09-521f-9d93-4b43450b43e5', '虛空行魚', 'species_021', 'phantasmal', '平', '通勤', NULL),
  ('a0daf6ea-19ec-5f85-9196-335fc92b5e3d', '鯥魚守形', 'species_022', 'tectonic', '平', '工作', '《山海經·南山經》鯥（魚身蛇尾，不腐之魚）'),
  ('b1f7a8ce-849d-5223-a429-08e71c16af70', '燈下靜石獸', 'species_023', 'tectonic', '平', '家中獨處', NULL),
  ('90b0bf58-d55e-5fe1-a2ce-aa2cf5beb88d', '兕形靜鎮獸', 'species_024', 'biomorphic', '平', '戶外自然', '《山海經·海內南經》兕（獨角犀，蒼黑如牛）'),
  ('64a9384d-9e53-5bf7-9880-51d05919f187', '眠前狻猊', 'species_025', 'biomorphic', '平', '睡前', '《山海經·海內北經》狻猊（獅形神獸，好坐）')
ON CONFLICT (name_zh) DO NOTHING;

-- 100 變體
INSERT INTO monster_variants (id, species_id, wuxing_attr, power_base, position, art_placeholder) VALUES
  ('d3063c25-8373-5151-948a-56b6d987b00c', '92191294-bfd1-5c21-a2aa-115a51e0b39a', 'earth', 5, 'defender', 'placeholder://灰渾帝江'),
  ('378aa05a-495f-5d4d-b02e-c3fa86c09a10', '92191294-bfd1-5c21-a2aa-115a51e0b39a', 'water', 5, 'support', 'placeholder://霧流帝江'),
  ('c1c1e60c-4e4d-575d-953c-0e761879a2b4', '92191294-bfd1-5c21-a2aa-115a51e0b39a', 'metal', 5, 'attacker', 'placeholder://鐵殼帝江'),
  ('6ad9c185-9cb0-54fb-86ac-f24d1d9317a8', '92191294-bfd1-5c21-a2aa-115a51e0b39a', 'wood', 5, 'support', 'placeholder://根鬚帝江'),
  ('38d4d92f-bfb4-5b77-b9e3-b590a42f80a2', 'a59508e1-de46-592c-a036-bc2011335a77', 'metal', 6, 'attacker', 'placeholder://刃脊窮奇'),
  ('1d16c99e-46b3-55a7-a661-61a662cd71cd', 'a59508e1-de46-592c-a036-bc2011335a77', 'fire', 7, 'attacker', 'placeholder://燃背窮奇'),
  ('c335275f-e3ab-5924-9996-5277eab462b6', 'a59508e1-de46-592c-a036-bc2011335a77', 'water', 6, 'defender', 'placeholder://泥淖窮奇'),
  ('e4883f51-55d6-5c1a-b593-e21d2e24aecd', 'a59508e1-de46-592c-a036-bc2011335a77', 'earth', 6, 'defender', 'placeholder://石墩窮奇'),
  ('5a362d38-3c0b-5275-a8f6-22027e98b4e2', '7bc40ebf-9e7e-5c59-a788-300111da3794', 'water', 4, 'defender', 'placeholder://墨淵沉榻魚'),
  ('824e43be-6d4f-5660-b085-3b455417592b', '7bc40ebf-9e7e-5c59-a788-300111da3794', 'earth', 4, 'defender', 'placeholder://榻土沉榻魚'),
  ('0d98ad16-a78a-5666-8b11-bd30d3a3d8b3', '7bc40ebf-9e7e-5c59-a788-300111da3794', 'metal', 4, 'attacker', 'placeholder://鱗鐵沉榻魚'),
  ('1eb3365f-eee0-5631-88f1-0b0e95e2e504', '7bc40ebf-9e7e-5c59-a788-300111da3794', 'wood', 4, 'support', 'placeholder://苔脊沉榻魚'),
  ('c007ec67-fc21-54bd-9588-c1743e9c2e52', 'f08aa3e6-53cf-5acb-80d7-5957927b3b6d', 'water', 5, 'support', 'placeholder://雨澤夫諸'),
  ('105adc2b-46fe-5f6a-978b-e8b05b60b936', 'f08aa3e6-53cf-5acb-80d7-5957927b3b6d', 'earth', 5, 'defender', 'placeholder://泥蹄夫諸'),
  ('dd614808-69d8-5fdc-b67e-5d00be09521a', 'f08aa3e6-53cf-5acb-80d7-5957927b3b6d', 'wood', 5, 'support', 'placeholder://苔角夫諸'),
  ('5dd69854-5d70-505c-886d-8d36d62337a0', 'f08aa3e6-53cf-5acb-80d7-5957927b3b6d', 'metal', 5, 'attacker', 'placeholder://霜蹄夫諸'),
  ('201d56b7-4cf4-5bb8-9250-1c14a3292e1e', '15062a04-6ec1-5a39-9780-1f627ee81799', 'water', 3, 'defender', 'placeholder://深流眠淵蟲'),
  ('1ce43626-6694-5885-94ff-0022283ae1ba', '15062a04-6ec1-5a39-9780-1f627ee81799', 'earth', 3, 'defender', 'placeholder://沙埋眠淵蟲'),
  ('551d5a8f-cb83-5ee8-a928-3d6cf09fe37f', '15062a04-6ec1-5a39-9780-1f627ee81799', 'wood', 3, 'support', 'placeholder://根眠眠淵蟲'),
  ('b5bf8c83-1beb-5940-b1af-f23463be23f3', '15062a04-6ec1-5a39-9780-1f627ee81799', 'metal', 3, 'attacker', 'placeholder://鐵殼眠淵蟲'),
  ('f23bfd19-fb52-504f-9944-788ba4be5f45', '123a19c6-c847-54a8-9b97-923f4b1ff1e8', 'water', 5, 'defender', 'placeholder://鹹淚橋魚'),
  ('f428887a-04a6-595f-a38d-b29672e21545', '123a19c6-c847-54a8-9b97-923f4b1ff1e8', 'wood', 5, 'support', 'placeholder://柳絲橋魚'),
  ('bc47be3d-2d11-5cdf-bd0a-30a0f65d1b7d', '123a19c6-c847-54a8-9b97-923f4b1ff1e8', 'fire', 6, 'attacker', 'placeholder://燃眶橋魚'),
  ('6b9ec54c-fc26-5398-9dd9-16ae35b39b2b', '123a19c6-c847-54a8-9b97-923f4b1ff1e8', 'earth', 5, 'defender', 'placeholder://泥底橋魚'),
  ('ea2bf8a9-38eb-5f7b-828e-a2e93f6c2f94', 'e51761c3-2cfa-5849-a63b-0b4ba316e010', 'water', 6, 'defender', 'placeholder://墨雨夜哭夔'),
  ('d3a98104-e730-5ed4-90fb-bf41fab19a9c', 'e51761c3-2cfa-5849-a63b-0b4ba316e010', 'metal', 6, 'attacker', 'placeholder://鐵喉夜哭夔'),
  ('a62b4218-5557-5de3-a9e9-bca6cf668ee2', 'e51761c3-2cfa-5849-a63b-0b4ba316e010', 'fire', 7, 'attacker', 'placeholder://焰淚夜哭夔'),
  ('2bf21970-898c-517d-bbc8-38db2d2ba011', 'e51761c3-2cfa-5849-a63b-0b4ba316e010', 'wood', 6, 'support', 'placeholder://葦聲夜哭夔'),
  ('49ac9ba6-9a60-50bb-a567-8641c21da552', '951e4eff-2f87-5e65-ac66-c9e965cfcf38', 'water', 5, 'defender', 'placeholder://淚池鏡中獸'),
  ('dac5633d-e019-58e7-af32-7831eb330348', '951e4eff-2f87-5e65-ac66-c9e965cfcf38', 'wood', 5, 'support', 'placeholder://苔鏡鏡中獸'),
  ('54676133-5871-57df-9976-ab7d059cfb6b', '951e4eff-2f87-5e65-ac66-c9e965cfcf38', 'fire', 6, 'attacker', 'placeholder://燭淚鏡中獸'),
  ('325e66f4-a9ef-53e3-8a33-98e5d67adfd4', '951e4eff-2f87-5e65-ac66-c9e965cfcf38', 'earth', 5, 'defender', 'placeholder://塵鏡鏡中獸'),
  ('002a4ab1-6f50-5679-877d-b0ff78caeef5', '09bc5ed6-0383-581d-93da-515c7ce99f35', 'water', 5, 'support', 'placeholder://淚尾狡'),
  ('d7b887cf-af09-5e28-a436-3eae2f4d6525', '09bc5ed6-0383-581d-93da-515c7ce99f35', 'wood', 5, 'support', 'placeholder://林泣狡'),
  ('8bcaac88-a03c-5f0c-a86f-4277ab88f072', '09bc5ed6-0383-581d-93da-515c7ce99f35', 'fire', 6, 'attacker', 'placeholder://烈啼狡'),
  ('78810f44-a266-5824-ab88-b8e7d18b9874', '09bc5ed6-0383-581d-93da-515c7ce99f35', 'earth', 5, 'defender', 'placeholder://黃土狡'),
  ('8b3c49d9-48ee-5651-b129-b379d4f65331', '2b51cff6-6256-51f8-98d2-7b611e7070ce', 'water', 4, 'defender', 'placeholder://淚滲枕泣蛾'),
  ('96049a0c-5dbe-5cc6-9f44-b73ad57696b9', '2b51cff6-6256-51f8-98d2-7b611e7070ce', 'wood', 4, 'support', 'placeholder://夢藤枕泣蛾'),
  ('5491e478-43b7-5398-9d0b-606a27577453', '2b51cff6-6256-51f8-98d2-7b611e7070ce', 'fire', 5, 'attacker', 'placeholder://燈下枕泣蛾'),
  ('295aa5fc-9a39-590f-94be-d555353dce3e', '2b51cff6-6256-51f8-98d2-7b611e7070ce', 'earth', 4, 'defender', 'placeholder://塵眠枕泣蛾'),
  ('57dd5d92-e836-564e-bfc3-f8f3a7bc84ab', 'ea4c6155-3a93-5789-846a-7bbaff5b1aba', 'fire', 9, 'attacker', 'placeholder://赤火獓犴'),
  ('1a45a3d4-0999-5f97-bb7c-cf369e91e10b', 'ea4c6155-3a93-5789-846a-7bbaff5b1aba', 'metal', 8, 'attacker', 'placeholder://鐵爪獓犴'),
  ('fbbd6bf7-2f42-5c39-bfe5-711186d8213d', 'ea4c6155-3a93-5789-846a-7bbaff5b1aba', 'wood', 8, 'support', 'placeholder://荊刺獓犴'),
  ('2119a647-056e-5f3b-830e-c9b3709a192d', 'ea4c6155-3a93-5789-846a-7bbaff5b1aba', 'earth', 8, 'defender', 'placeholder://黃土獓犴'),
  ('7c32b68e-8e88-5ab2-8345-8675ba12d4cd', 'e77e78ed-1893-5c37-8ef3-35c2b92109bc', 'fire', 8, 'attacker', 'placeholder://烈羽畢方'),
  ('77cf8702-f9a4-5a9f-91d8-da3d19ec4122', 'e77e78ed-1893-5c37-8ef3-35c2b92109bc', 'metal', 7, 'attacker', 'placeholder://鐵喙畢方'),
  ('9939d172-411f-5e8b-9f2c-6ecabb997f93', 'e77e78ed-1893-5c37-8ef3-35c2b92109bc', 'wood', 7, 'support', 'placeholder://焦木畢方'),
  ('b8a47a2a-6198-53f8-8282-0c772991405c', 'e77e78ed-1893-5c37-8ef3-35c2b92109bc', 'earth', 7, 'defender', 'placeholder://灰燼畢方'),
  ('080df965-0d6a-5db3-b764-5615499ae0d7', '9cda4dc7-b129-53c6-b628-93559ed60914', 'fire', 8, 'attacker', 'placeholder://紅牆砸物魘'),
  ('c73d6a8b-6afc-5788-87b1-d5a19c302c85', '9cda4dc7-b129-53c6-b628-93559ed60914', 'metal', 7, 'attacker', 'placeholder://冷刃砸物魘'),
  ('c19d7e3f-5174-59b3-88e0-dd81c1a311b8', '9cda4dc7-b129-53c6-b628-93559ed60914', 'water', 7, 'defender', 'placeholder://淚怒砸物魘'),
  ('d1d29075-71ae-5e3a-ad0f-7dcffe1b1631', '9cda4dc7-b129-53c6-b628-93559ed60914', 'earth', 7, 'defender', 'placeholder://悶怒砸物魘'),
  ('d6e79dd0-832c-5e0c-8029-6d02a99f391b', 'fb74990f-fe90-5df1-a808-b43b22296109', 'fire', 10, 'attacker', 'placeholder://炎翼應龍'),
  ('13d11424-84f3-505e-a9c1-4e123eb35604', 'fb74990f-fe90-5df1-a808-b43b22296109', 'metal', 9, 'attacker', 'placeholder://鱗鐵應龍'),
  ('ccd1f8be-a84c-503d-a603-8c378703aa26', 'fb74990f-fe90-5df1-a808-b43b22296109', 'wood', 9, 'support', 'placeholder://藤翼應龍'),
  ('18f784d9-569c-50f6-898e-c3a7a4f83c2e', 'fb74990f-fe90-5df1-a808-b43b22296109', 'water', 9, 'defender', 'placeholder://洪流應龍'),
  ('63e258de-059c-5ec5-896e-27fa2d2ab262', 'a9320ed1-eb10-5145-a805-7d166073fd77', 'fire', 7, 'attacker', 'placeholder://烈床翻身蛇'),
  ('8875f84b-8e6f-50d5-ad2b-0d8f32dd8142', 'a9320ed1-eb10-5145-a805-7d166073fd77', 'metal', 6, 'attacker', 'placeholder://冷盤翻身蛇'),
  ('427cc90e-f90b-5c48-883d-6c2abaf12935', 'a9320ed1-eb10-5145-a805-7d166073fd77', 'water', 6, 'defender', 'placeholder://悶熱翻身蛇'),
  ('5cf46f2b-f74b-5334-8e25-fe00940eb2a9', 'a9320ed1-eb10-5145-a805-7d166073fd77', 'earth', 6, 'defender', 'placeholder://壓床翻身蛇'),
  ('587b690b-f84f-56a1-9005-d21707157972', '795b98ad-213e-5429-b40f-4d7292599c86', 'metal', 6, 'support', 'placeholder://鐵軌悟道獸'),
  ('4d61a0f1-942d-5578-aea5-b5f264fa3faf', '795b98ad-213e-5429-b40f-4d7292599c86', 'wood', 6, 'support', 'placeholder://新芽悟道獸'),
  ('872d0439-4746-58b3-a75e-0fd1113c666d', '795b98ad-213e-5429-b40f-4d7292599c86', 'fire', 7, 'attacker', 'placeholder://閃念悟道獸'),
  ('731655c3-605f-59ca-a8ff-dfd9679f000b', '795b98ad-213e-5429-b40f-4d7292599c86', 'water', 6, 'defender', 'placeholder://流通悟道獸'),
  ('2ba6fe92-0c29-5dbb-a162-2bf568f39965', '2cde259c-1b95-5175-9e5e-07f6126a49a8', 'metal', 7, 'attacker', 'placeholder://刃析明燈獸'),
  ('accc6a8c-bcb2-5541-a482-9840f2e1aa2a', '2cde259c-1b95-5175-9e5e-07f6126a49a8', 'fire', 8, 'attacker', 'placeholder://燈炬明燈獸'),
  ('80f06ce7-fb7b-528a-a31c-f22734f9f1ea', '2cde259c-1b95-5175-9e5e-07f6126a49a8', 'wood', 7, 'support', 'placeholder://枝展明燈獸'),
  ('4bfb3cd3-4785-56e9-8b17-fef11a1be2f8', '2cde259c-1b95-5175-9e5e-07f6126a49a8', 'earth', 7, 'defender', 'placeholder://積層明燈獸'),
  ('9ef3e5cc-1aa5-5595-9dd4-be38aa0d5430', '79f4ef61-77d7-502f-9cdf-d44969095147', 'water', 5, 'support', 'placeholder://水鏡通玄蟲'),
  ('f9d9d3c1-c874-5387-b6b5-2125759e3ad0', '79f4ef61-77d7-502f-9cdf-d44969095147', 'metal', 5, 'attacker', 'placeholder://鑰齒通玄蟲'),
  ('2d457cad-8384-590b-9bae-8b0ebb81ff73', '79f4ef61-77d7-502f-9cdf-d44969095147', 'wood', 5, 'support', 'placeholder://苔紋通玄蟲'),
  ('b4b505d1-f2aa-5e17-8ebf-bf40d2e9ca69', '79f4ef61-77d7-502f-9cdf-d44969095147', 'earth', 5, 'defender', 'placeholder://沉礦通玄蟲'),
  ('358eb76c-472c-52ee-b09a-44f5c1253dc0', '897bf8da-9328-534d-ba53-c6e732cdb84b', 'water', 6, 'support', 'placeholder://溪語觀源獸'),
  ('878522f4-a9e9-566b-96c5-005b87dc3791', '897bf8da-9328-534d-ba53-c6e732cdb84b', 'metal', 6, 'attacker', 'placeholder://山稜觀源獸'),
  ('02ab086b-0ac6-5b22-aace-eb45208482ac', '897bf8da-9328-534d-ba53-c6e732cdb84b', 'wood', 6, 'support', 'placeholder://林覺觀源獸'),
  ('616826cd-fe81-5c61-905f-31fcb73a1469', '897bf8da-9328-534d-ba53-c6e732cdb84b', 'earth', 6, 'defender', 'placeholder://厚土觀源獸'),
  ('71b88cb1-26e4-59d5-8729-b927fbc0f6e1', 'c3bf22ad-84b0-5a5b-975d-5023b231c3ae', 'water', 5, 'support', 'placeholder://夢流夢邊夔'),
  ('554b2a43-234d-57fb-94dd-7ac339ca0218', 'c3bf22ad-84b0-5a5b-975d-5023b231c3ae', 'wood', 5, 'support', 'placeholder://枝搖夢邊夔'),
  ('485eb81c-a6d7-5809-9c54-c78fff12a3a6', 'c3bf22ad-84b0-5a5b-975d-5023b231c3ae', 'metal', 5, 'attacker', 'placeholder://霜角夢邊夔'),
  ('95265742-32dc-5073-876a-fa692488add2', 'c3bf22ad-84b0-5a5b-975d-5023b231c3ae', 'fire', 6, 'attacker', 'placeholder://燭前夢邊夔'),
  ('0b26f4fd-1ea4-52ca-b8ae-8d711bd2724c', 'd67c9f86-3e09-521f-9d93-4b43450b43e5', 'water', 5, 'support', 'placeholder://透明虛空魚'),
  ('98b97115-6911-51df-99d4-3ff87a59d90f', 'd67c9f86-3e09-521f-9d93-4b43450b43e5', 'earth', 5, 'defender', 'placeholder://石根虛空魚'),
  ('a3d35892-d56e-5b9d-8ae1-3db67cd1a89d', 'd67c9f86-3e09-521f-9d93-4b43450b43e5', 'metal', 5, 'support', 'placeholder://鋼線虛空魚'),
  ('1b62f319-3d33-575b-b1b0-ea81e8e98ce6', 'd67c9f86-3e09-521f-9d93-4b43450b43e5', 'wood', 5, 'support', 'placeholder://綠藻虛空魚'),
  ('94b28879-2294-58b3-8029-1ddf6b9f9c03', 'a0daf6ea-19ec-5f85-9196-335fc92b5e3d', 'earth', 6, 'defender', 'placeholder://厚土鯥魚'),
  ('86985891-295c-57d9-85c1-b426faa8004c', 'a0daf6ea-19ec-5f85-9196-335fc92b5e3d', 'water', 6, 'defender', 'placeholder://墨流鯥魚'),
  ('c6251592-ae55-524d-a554-09f1ea0c0ee1', 'a0daf6ea-19ec-5f85-9196-335fc92b5e3d', 'metal', 6, 'attacker', 'placeholder://冷脊鯥魚'),
  ('62779afe-63ea-52ee-a183-8ba9180c553f', 'a0daf6ea-19ec-5f85-9196-335fc92b5e3d', 'wood', 6, 'support', 'placeholder://苔背鯥魚'),
  ('0c20871f-4bcd-5b6c-b445-8ed3588eda97', 'b1f7a8ce-849d-5223-a429-08e71c16af70', 'earth', 4, 'defender', 'placeholder://黑石燈下獸'),
  ('ece3f5bc-8ba8-5596-9bc4-1c560943f676', 'b1f7a8ce-849d-5223-a429-08e71c16af70', 'water', 4, 'support', 'placeholder://夜流燈下獸'),
  ('a1e594b9-be9d-568d-8506-3c1872ae4488', 'b1f7a8ce-849d-5223-a429-08e71c16af70', 'metal', 4, 'attacker', 'placeholder://銀光燈下獸'),
  ('296c5cf6-dc3b-587d-a76a-eda7ed1206e5', 'b1f7a8ce-849d-5223-a429-08e71c16af70', 'wood', 4, 'support', 'placeholder://窗苔燈下獸'),
  ('71c1624d-c05a-5f77-a169-ebac4a581177', '90b0bf58-d55e-5fe1-a2ce-aa2cf5beb88d', 'earth', 7, 'defender', 'placeholder://赭土兕形獸'),
  ('620d724c-96f8-5de0-979d-63d24d800008', '90b0bf58-d55e-5fe1-a2ce-aa2cf5beb88d', 'water', 7, 'defender', 'placeholder://霧澤兕形獸'),
  ('2c1a4cdd-3967-580b-97fa-c5666a222b70', '90b0bf58-d55e-5fe1-a2ce-aa2cf5beb88d', 'metal', 7, 'attacker', 'placeholder://鐵角兕形獸'),
  ('62de6d84-2d27-51be-8450-0c1784bc12f5', '90b0bf58-d55e-5fe1-a2ce-aa2cf5beb88d', 'wood', 7, 'support', 'placeholder://綠鬃兕形獸'),
  ('a2d40823-2bf1-52bf-bae7-e85b5be71d43', '64a9384d-9e53-5bf7-9880-51d05919f187', 'earth', 5, 'defender', 'placeholder://暖石眠前狻猊'),
  ('e61f83fd-4746-5752-b3ce-4c6c630b33d0', '64a9384d-9e53-5bf7-9880-51d05919f187', 'water', 5, 'support', 'placeholder://月淵眠前狻猊'),
  ('55c9ee45-4545-5cb8-80ef-f1f263729c55', '64a9384d-9e53-5bf7-9880-51d05919f187', 'wood', 5, 'support', 'placeholder://草眠眠前狻猊'),
  ('b861e79a-1bb1-5290-8098-84294d22718a', '64a9384d-9e53-5bf7-9880-51d05919f187', 'metal', 5, 'attacker', 'placeholder://冷鬃眠前狻猊')
ON CONFLICT (species_id, wuxing_attr) DO NOTHING;

-- 100 詞條
INSERT INTO ci_tiao_pool (id, variant_id, tiao_text, ability_verb) VALUES
  ('5dbfe59d-c56c-5c82-a678-ed8f6a8801e9', 'd3063c25-8373-5151-948a-56b6d987b00c', '渾沌不顯形，敵方無法指定攻擊', '藏'),
  ('5f871ac9-78fd-50a7-a124-9342b4554140', '378aa05a-495f-5d4d-b02e-c3fa86c09a10', '以霧氣吞吐記憶，使敵遺忘本回行動', '噤'),
  ('10cc8e0f-6e60-5668-984f-57156d42ffea', 'c1c1e60c-4e4d-575d-953c-0e761879a2b4', '無面之軀覆以寒鐵，承傷不退', '鎮'),
  ('24b7aab8-ee88-5de6-9efd-8e3d222f707f', '6ad9c185-9cb0-54fb-86ac-f24d1d9317a8', '地下根系延伸場域，每回合悄然擴張', '逐'),
  ('acb69b3d-7563-5869-8383-adf2cd79b2e5', '38d4d92f-bfb4-5b77-b9e3-b590a42f80a2', '以牙撕裂善言，令盟友士氣-2', '噬'),
  ('62a60d6e-5980-54d6-b5b8-c05069b48341', '1d16c99e-46b3-55a7-a661-61a662cd71cd', '怒焰附體，連續攻擊愈戰愈烈', '燼'),
  ('e329e44f-2c1b-5409-b4b8-6251c6f61451', 'c335275f-e3ab-5924-9996-5277eab462b6', '以積年疲憊為護甲，減傷30%', '縛'),
  ('b4129d58-94c3-5731-881c-fef98ecf452e', 'e4883f51-55d6-5c1a-b593-e21d2e24aecd', '沉壓場域，敵方速度減半', '鎮'),
  ('1d294ebd-37bd-5e8e-bb14-6abd09d4840e', '5a362d38-3c0b-5275-a8f6-22027e98b4e2', '潛於地板之下，以靜默吸收周遭情緒', '藏'),
  ('70510a6e-c71f-50dc-986b-56921c2dc828', '824e43be-6d4f-5660-b085-3b455417592b', '以厚重質地將時間凝滯，延緩對手行動', '縛'),
  ('0c215256-10ef-514b-863d-c4fb7fbf8756', '0d98ad16-a78a-5666-8b11-bd30d3a3d8b3', '鱗甲如刃，觸碰者受反傷', '噤'),
  ('f3d626a2-e42d-51e3-a134-e9a91fb9bcc9', '1eb3365f-eee0-5631-88f1-0b0e95e2e504', '背脊生苔，每回合緩緩自癒', '祓'),
  ('9e5e4fb4-a07d-53ed-a200-ab2e9ced5667', 'c007ec67-fc21-54bd-9588-c1743e9c2e52', '現身必降雨，場域能見度降低', '噤'),
  ('9890bc93-ff26-5624-aebf-d70b0d6e7ab2', '105adc2b-46fe-5f6a-978b-e8b05b60b936', '蹄印化泥，敵方陷足速度-3', '縛'),
  ('eddb587f-517b-5a82-a5ac-d6269f05d41c', 'dd614808-69d8-5fdc-b67e-5d00be09521a', '鹿角纏藤，自然場域攻防+2', '馭'),
  ('f221be0c-02a0-5034-8570-31f6b8d552cf', '5dd69854-5d70-505c-886d-8d36d62337a0', '蹄踏霜白，使地形轉為寒地', '鎮'),
  ('04020c19-417d-51b9-88bc-00f729c0d342', '201d56b7-4cf4-5bb8-9250-1c14a3292e1e', '以睡意為流，使敵方意識下潛', '噤'),
  ('3960b039-5cbe-5f94-874b-96664274380f', '1ce43626-6694-5885-94ff-0022283ae1ba', '以意識沙礫層層掩埋，使敵陷入困頓', '藏'),
  ('89f39002-9948-5ff8-9b10-743fb51c001b', '551d5a8f-cb83-5ee8-a928-3d6cf09fe37f', '細根蔓入夢境，每回合探知敵方意圖', '逐'),
  ('cba8d6a7-8c5e-5171-812f-ff4488be3b92', 'b5bf8c83-1beb-5940-b1af-f23463be23f3', '入眠前設防，對夜間突襲免疫', '鎮'),
  ('04669910-8cfa-59d0-998d-e971b5c2787a', 'f23bfd19-fb52-504f-9944-788ba4be5f45', '淚腺共鳴，使敵方防禦軟化', '祓'),
  ('43a1df5b-a236-5a0d-a9b6-8918891a5af5', 'f428887a-04a6-595f-a38d-b29672e21545', '長鰭如垂柳，纏繞敵方延緩行動', '縛'),
  ('e039c4c1-8753-557a-b7ab-aeb7f2e6307f', 'bc47be3d-2d11-5cdf-bd0a-30a0f65d1b7d', '壓抑之淚化為焰，使敵灼傷', '燼'),
  ('29d2ceb2-109e-5287-9ba1-427d73b9cb0a', '6b9ec54c-fc26-5398-9dd9-16ae35b39b2b', '沉入場域底部，吸收所有落下的情緒', '藏'),
  ('b9c89c62-c8d4-5597-bd54-9c04be1e06f8', 'ea2bf8a9-38eb-5f7b-828e-a2e93f6c2f94', '哭聲化雨，使敵方視野模糊', '噤'),
  ('07c09e90-de21-5a66-a500-b18f1a6e82b5', 'd3a98104-e730-5ed4-90fb-bf41fab19a9c', '嚎哭穿透防禦，無視護甲直接傷害', '噬'),
  ('5cc62862-44f2-5a02-adb1-dc41f5b8907f', 'a62b4218-5557-5de3-a9e9-bca6cf668ee2', '淚水燃燒，附近敵方持續受灼傷', '燼'),
  ('dc6704c2-a735-5684-8e43-bd6f409767df', '2bf21970-898c-517d-bbc8-38db2d2ba011', '葦叢中啜泣聲呼應，友方共鳴+1', '祓'),
  ('eec320dc-1684-549c-a5b9-1abff501414b', '49ac9ba6-9a60-50bb-a567-8641c21da552', '倒影吸收悲傷，轉化為防護水幕', '藏'),
  ('6e6ae958-9835-583d-8bb9-6a612af7ea07', 'dac5633d-e019-58e7-af32-7831eb330348', '鏡面苔痕蔓延，場域情緒感知+2', '馭'),
  ('6dedbf8b-4c72-58f0-8f4f-681daa2c1167', '54676133-5871-57df-9976-ab7d059cfb6b', '燭火映倒影，使敵方暴露弱點', '逐'),
  ('113c9783-44b8-56b8-ac09-0f5cbf147f5c', '325e66f4-a9ef-53e3-8a33-98e5d67adfd4', '以塵埃掩蓋倒影，場域一切行動不留痕跡', '噤'),
  ('42df6528-0a86-5d04-9312-619983fb25a4', '002a4ab1-6f50-5679-877d-b0ff78caeef5', '九尾各垂淚，場域哀愁感染鄰近敵方', '咒'),
  ('52d06dff-1ec2-5f24-872b-1e0fed0221b1', 'd7b887cf-af09-5e28-a436-3eae2f4d6525', '隱入林中啼哭，誘敵深入再反制', '逐'),
  ('6d47efcc-31c8-5af8-b9bf-f660afeb3969', '8bcaac88-a03c-5f0c-a86f-4277ab88f072', '啼聲如烈火，震懾敵方士氣', '燼'),
  ('db1ce199-3a77-58e9-b5f7-2cc66b7edfb0', '78810f44-a266-5824-ab88-b8e7d18b9874', '哭聲落入大地，轉化為治癒脈動', '祓'),
  ('a8be694f-8bd9-56fc-a7c8-9d06d051c034', '8b3c49d9-48ee-5651-b129-b379d4f65331', '夜哭滲入枕芯，集聚情緒凝晶', '藏'),
  ('0de12f5d-4c92-5083-b829-eb207c3aa773', '96049a0c-5dbe-5cc6-9f44-b73ad57696b9', '翅膀散落夢藤孢子，入眠後場域緩解', '祓'),
  ('a228d102-e188-5bf5-833a-813e1a2ddee2', '5491e478-43b7-5398-9d0b-606a27577453', '趨光而來，以體溫溫暖書寫者護盾', '鎮'),
  ('07b7003f-c45a-5c6f-a785-35e26bdcda18', '295aa5fc-9a39-590f-94be-d555353dce3e', '翅鱗化塵，覆蓋書寫者入深眠', '縛'),
  ('f0dd87ba-daf2-5066-9dff-ccd4779f1c33', '57dd5d92-e836-564e-bfc3-f8f3a7bc84ab', '怒焰沖天，連續衝撞造成爆裂傷害', '燼'),
  ('451e8aad-4cb7-52f3-978a-59fa69d024c1', '1a45a3d4-0999-5f97-bb7c-cf369e91e10b', '爪擊削減敵甲，每擊護甲-2', '噬'),
  ('ef9440b6-2dd2-5f36-a15a-c6b0529206ef', 'fbbd6bf7-2f42-5c39-bfe5-711186d8213d', '怒氣化荊棘，觸碰者受反傷', '逐'),
  ('4cb20fef-1520-5ac0-84cd-761948dd7e1f', '2119a647-056e-5f3b-830e-c9b3709a192d', '以憤怒壓入大地，震動使敵全體硬直', '鎮'),
  ('3ea285a9-98ca-5044-923c-697fd378e609', '7c32b68e-8e88-5ab2-8345-8675ba12d4cd', '羽落即燃，場域中心持續擴散火焰', '燼'),
  ('fc5c4b71-f485-5a90-8257-54cb5e6a4b99', '77cf8702-f9a4-5a9f-91d8-da3d19ec4122', '鐵喙啄除廢料，提升友方行動效率', '噬'),
  ('87209506-7c2b-5c49-9a74-26e968c06332', '9939d172-411f-5e8b-9f2c-6ecabb997f93', '燒出新枝，火後再生獲得雙倍成長', '祓'),
  ('12ee6073-bec6-5d4e-94d2-468b07cae38b', 'b8a47a2a-6198-53f8-8282-0c772991405c', '餘燼埋入灰土，轉化為持久的隱性威脅', '咒'),
  ('8f3a1b7d-ea29-5e15-83a0-74dda84722b9', '080df965-0d6a-5db3-b764-5615499ae0d7', '怒擊牆面，衝擊波震懾所有敵方', '燼'),
  ('5a6e7ed4-9479-5fc0-af30-a7e70ad960bb', 'c73d6a8b-6afc-5788-87b1-d5a19c302c85', '憤怒後冷靜，準確計算敵方弱點', '噬'),
  ('3bf3305c-d0dc-5b0a-ab2d-ff40af94ef91', 'c19d7e3f-5174-59b3-88e0-dd81c1a311b8', '憤怒中夾雜眼淚，使敵迷惑-1回合', '咒'),
  ('72f6463e-9162-5212-9181-4994aecefb64', 'd1d29075-71ae-5e3a-ad0f-7dcffe1b1631', '沉默積壓，大地承接一切衝擊', '鎮'),
  ('1cd69709-c3c2-5442-8f35-46d984f55d44', 'd6e79dd0-832c-5e0c-8029-6d02a99f391b', '展翼衝天，以俯衝姿態灼燒大範圍', '燼'),
  ('0fa66dca-c798-5b2f-8684-1753b31b0172', '13d11424-84f3-505e-a9c1-4e123eb35604', '全身鱗甲如鑄，每次受擊反彈固定傷害', '鎮'),
  ('1484b4d7-b970-588e-826e-febdb8ce6f99', 'ccd1f8be-a84c-503d-a603-8c378703aa26', '翼生藤蔓，擊落敵方飛行單位', '逐'),
  ('c9acd865-2ba6-5609-be6a-5dc52a5b2a54', '18f784d9-569c-50f6-898e-c3a7a4f83c2e', '怒氣化洪，大範圍衝擊使敵後退', '咒'),
  ('6422b7d1-b0fb-59cc-8ece-53efb8863089', '63e258de-059c-5ec5-896e-27fa2d2ab262', '盤繞床鋪，使書寫者進攻慾望+3', '燼'),
  ('03f388df-c315-5891-82fd-62c8561a29e1', '8875f84b-8e6f-50d5-ad2b-0d8f32dd8142', '憤怒冷凝成刃，夢中精準反擊', '噬'),
  ('48561aa2-7ab0-5dca-a4c7-22e6e170c0bb', '427cc90e-f90b-5c48-883d-6c2abaf12935', '熱氣蒸騰，使敵方視野模糊', '噤'),
  ('4f7a9f8a-c085-5a6c-8bec-8d374d8a858a', '5cf46f2b-f74b-5334-8e25-fe00940eb2a9', '以體重壓住一切，使場域速度停滯', '縛'),
  ('b82204b4-b90b-5279-b76e-e5074ce9f28f', '587b690b-f84f-56a1-9005-d21707157972', '洞察線路規律，己方行動不耗時間', '馭'),
  ('1337f131-c36b-58f7-b67e-3447148b99af', '4d61a0f1-942d-5578-aea5-b5f264fa3faf', '洞見萌芽，使友方技能加速冷卻', '祓'),
  ('8041fd71-d978-5fa0-9a36-a5886e895512', '872d0439-4746-58b3-a75e-0fd1113c666d', '靈感閃現，對應攻擊爆發暴擊', '逐'),
  ('a1703219-08d1-5719-b457-86945c5f7eba', '731655c3-605f-59ca-a8ff-dfd9679f000b', '洞見化為水流，使敵方行動可預判', '咒'),
  ('ffcd24a4-41c7-5f7b-b48a-dd316235bf92', '2ba6fe92-0c29-5dbb-a162-2bf568f39965', '精準分解問題，對應弱點傷害翻倍', '噬'),
  ('53499154-4cda-5c06-9fc7-7ada7f98e652', 'accc6a8c-bcb2-5541-a482-9840f2e1aa2a', '點亮全局，使友方下回合所有技能加成', '逐'),
  ('c2c5aa58-21e2-5c2f-9088-b79823447de4', '80f06ce7-fb7b-528a-a31c-f22734f9f1ea', '理解蔓延生長，解鎖隱藏路徑', '馭'),
  ('17148a50-0103-5f79-9cd8-6cd175bdd2da', '4bfb3cd3-4785-56e9-8b17-fef11a1be2f8', '以積累沉澱換取頓悟，每3回合觸發洞見', '鎮'),
  ('0c6ffb6f-dab0-527d-8928-8b0b404b36a0', '9ef3e5cc-1aa5-5595-9dd4-be38aa0d5430', '靜水映照全局，使敵方意圖透明', '咒'),
  ('efa37847-69de-5286-88e0-139c538785ab', 'f9d9d3c1-c874-5387-b6b5-2125759e3ad0', '咬開問題節點，解除場域封印', '噬'),
  ('ce261774-b4c8-55ca-814f-c024af0db124', '2d457cad-8384-590b-9bae-8b0ebb81ff73', '在牆角觀察，以靜待動積累時機', '馭'),
  ('5fc59ebe-9d5e-5729-88cf-e0b406a91d28', 'b4b505d1-f2aa-5e17-8ebf-bf40d2e9ca69', '深埋理解精華，戰鬥後期爆發', '鎮'),
  ('fa04b5e5-5fef-51e9-ad4d-0b95a3fdc890', '358eb76c-472c-52ee-b09a-44f5c1253dc0', '聆聽自然語言，轉化為戰術洞見', '馭'),
  ('8f64a065-7c07-5b02-9a81-af04101deef9', '878522f4-a9e9-566b-96c5-005b87dc3791', '以山稜線為座標，精準定位敵方破口', '噬'),
  ('9ef4688e-911e-5e22-83bd-d7a65817d689', '02ab086b-0ac6-5b22-aace-eb45208482ac', '在林間感受連結，激活友方協同攻擊', '祓'),
  ('ab7202e2-5b48-5397-8bca-53abdf59ec54', '616826cd-fe81-5c61-905f-31fcb73a1469', '踩實大地，感知地脈，預知場域變化', '鎮'),
  ('445f5222-6901-5478-af21-36a5614036af', '71b88cb1-26e4-59d5-8729-b927fbc0f6e1', '流入夢境搜索答案，醒後獲得洞見', '藏'),
  ('a7628cff-1eaf-5cc9-91be-c14b64a3d20a', '554b2a43-234d-57fb-94dd-7ac339ca0218', '睡前生長，以夢境養分強化次日', '祓'),
  ('f579bd9f-b034-5fbf-a635-b1b85b50f35c', '485eb81c-a6d7-5809-9c54-c78fff12a3a6', '深夜析理，使模糊問題結晶清晰', '噬'),
  ('24fd605d-09a9-5ff3-9f8f-07cdb5ad0649', '95265742-32dc-5073-876a-fa692488add2', '睡前靈光，點燃明日行動力', '逐'),
  ('2c588163-496e-5c32-9973-9b6cba31ce5c', '0b26f4fd-1ea4-52ca-b8ae-8d711bd2724c', '與環境融合，所有敵方難以鎖定', '藏'),
  ('9730b649-54e7-5f53-be64-9b570a4b09fd', '98b97115-6911-51df-99d4-3ff87a59d90f', '以慣性為鎧，抵禦意外衝擊', '鎮'),
  ('260f6531-f522-5894-9128-be31163e7254', 'a3d35892-d56e-5b9d-8ae1-3db67cd1a89d', '以規律節奏切割場域，創造安全通道', '逐'),
  ('cf24abd9-be03-59f2-9c1c-a7747ade71ad', '1b62f319-3d33-575b-b1b0-ea81e8e98ce6', '隨水流動，每回合小量自癒', '祓'),
  ('aca1dd6f-c04c-5ac5-906c-7bd3f483bc0c', '94b28879-2294-58b3-8029-1ddf6b9f9c03', '不腐之質，使書寫者抵禦持續傷害', '鎮'),
  ('bfd86217-a4cb-5011-9e17-3502ccb6218d', '86985891-295c-57d9-85c1-b426faa8004c', '以墨汁模糊邊界，使敵方判斷失準', '噤'),
  ('1bfad2a0-c7f3-5841-8cc2-153241fc0e16', 'c6251592-ae55-524d-a554-09f1ea0c0ee1', '背脊如刃，以靜制動讓敵自亂', '藏'),
  ('f2de860c-d15e-5680-960a-2780b675f6b6', '62779afe-63ea-52ee-a183-8ba9180c553f', '背部苔蘚吸納周遭養分，每3回合強化', '馭'),
  ('70a12ab4-b44d-5a03-a93c-29e94375805e', '0c20871f-4bcd-5b6c-b445-8ed3588eda97', '靜止如石，使戰場時間延緩', '縛'),
  ('8eeb944c-0468-531d-8b77-ab8b57bd66c2', 'ece3f5bc-8ba8-5596-9bc4-1c560943f676', '以平靜流動消融攻擊能量', '祓'),
  ('54151d92-f08e-535f-acf8-1addbf3da5e5', 'a1e594b9-be9d-568d-8506-3c1872ae4488', '以靜默積蓄能量，待機一擊制勝', '噬'),
  ('1b0f19b7-bedd-5676-8fff-6ed82de28ebf', '296c5cf6-dc3b-587d-a76a-eda7ed1206e5', '窗角長苔，以生長感知外界變化', '馭'),
  ('bfc7c3c4-ebed-5b87-9569-6c2a09dc2d11', '71c1624d-c05a-5f77-a169-ebac4a581177', '佇立如山，免疫移位技能', '鎮'),
  ('2375ba9c-e50d-5ea5-8180-577ec68ffd4b', '620d724c-96f8-5de0-979d-63d24d800008', '霧中佇立，使敵方視野降至最低', '噤'),
  ('8cbd9b1c-271f-55b2-830b-78dd727de297', '2c1a4cdd-3967-580b-97fa-c5666a222b70', '獨角如鐵，一擊貫穿所有護甲', '噬'),
  ('5367ccec-cca2-5b9e-89e5-cdfa7b5700bb', '62de6d84-2d27-51be-8450-0c1784bc12f5', '與自然同步，在植被場域獲得再生', '祓'),
  ('bea66663-9175-51e7-9b04-7fb133a4cca0', 'a2d40823-2bf1-52bf-bae7-e85b5be71d43', '靜臥守護，使書寫者免疫睡前焦慮', '鎮'),
  ('e2c241b6-5935-559d-bff8-cb07b7d32404', 'e61f83fd-4746-5752-b3ce-4c6c630b33d0', '以月光為食，夜間防禦達到峰值', '藏'),
  ('c1faeea5-0504-5757-85b5-52f2ae5bb7f6', '55c9ee45-4545-5cb8-80ef-f1f263729c55', '臥草而眠，以自然氣息穩定場域', '祓'),
  ('7edea541-1108-538e-ac05-8eb15b979e93', 'b861e79a-1bb1-5290-8098-84294d22718a', '鬃毛如鋼絲，以沉默之力震懾夜間敵方', '咒')
;

COMMIT;
